{
  "id": "",
  "name": "",
  "font_family": "iconfont",
  "css_prefix_text": "icon-",
  "description": "",
  "glyphs": [
    {
      "icon_id": "145703",
      "name": "飞机场_填充",
      "font_class": "feijichangtianchong",
      "unicode": "e67c",
      "unicode_decimal": 59004
    },
    {
      "icon_id": "1272139",
      "name": "电话",
      "font_class": "dianhua",
      "unicode": "e60c",
      "unicode_decimal": 58892
    },
    {
      "icon_id": "2076432",
      "name": "往返低价",
      "font_class": "wangfandijia",
      "unicode": "e8da",
      "unicode_decimal": 59610
    },
    {
      "icon_id": "4430719",
      "name": "特价机票",
      "font_class": "tejiajipiao",
      "unicode": "e902",
      "unicode_decimal": 59650
    },
    {
      "icon_id": "5972798",
      "name": "皇冠",
      "font_class": "huangguan",
      "unicode": "e60e",
      "unicode_decimal": 58894
    },
    {
      "icon_id": "6962430",
      "name": "icon_机票单程",
      "font_class": "icon_jipiaodancheng",
      "unicode": "e94c",
      "unicode_decimal": 59724
    },
    {
      "icon_id": "7525614",
      "name": "认证",
      "font_class": "renzheng",
      "unicode": "e79f",
      "unicode_decimal": 59295
    },
    {
      "icon_id": "11909734",
      "name": "认证、保证、安全",
      "font_class": "renzheng-",
      "unicode": "e60d",
      "unicode_decimal": 58893
    }
  ]
}
